grid,product,label,phase,mode,j_A_m2,ce,anode_thickness_mm,stack_cost_mult,price_mult,grid_ci,catholyte_wt_pct,mol_e_per_m2_yr,m3_treated_per_m2_yr,kg_formed_per_m2_yr,kg_sold_per_m2_yr,dsp_recovery,E_thermo_V,eta_ohm_V,eta_ph_V,eta_kin_V,V_applied_V,kWh_cell_per_m2_yr,kWh_pump_per_m2_yr,revenue,credit_treatment,cost_stack,cost_elec_cell,cost_pump,cost_dsp_var,cost_dsp_capex,cost_co2,cost_total,margin,margin_per_mol_e,revenue_per_mol_e,cost_per_mol_e,margin_over_revenue,breakeven_price_usd_per_kg,breakeven_price_mult,gwp_avoided,gwp_credit_treatment,gwp_stack,gwp_elec_cell,gwp_pump,gwp_dsp,gwp_co2,gwp_total,env_margin,env_margin_per_mol_e,gwp_avoided_per_mol_e,gwp_total_per_mol_e,env_margin_over_avoided,dsp_route,dsp_electricity_kWh_per_kg,dsp_steam_MJ_per_kg,dsp_chemicals_usd_per_kg,dsp_water_removed_kg_per_kg,dsp_capex_usd,area_m2,volume_m3,hrt_h,current_plant_A,product_t_per_yr,stack_tic_usd,margin_plant_usd_per_yr,env_margin_plant_t_per_yr
US-SERC 2020,hydrogen,Hydrogen,gas,ideal,10.0,1.0,1.0,1.0,1.0,0.610519719405792,,2996.113385500337,140.9935710823688,3.0200822925843394,2.7180740633259055,0.9,-0.13399999999999995,0.2,0.0,0.0,0.33399999999999996,28.23178947368421,4.747071421647375,5.436148126651811,0.0,98.33066813555696,1.976225263157895,0.33229499951531627,0.4228115209618076,2.4362762795065,0.0,103.49827619869848,-98.06212807204666,-0.032729778701506236,0.0018144,0.03454417870150624,-18.038899196156436,38.07779839231287,19.038899196156436,29.89881469658496,0.0,2.13071955,17.236064187797076,2.898180712343409,3.6876395877019834,0.0,25.952604037842466,3.946210658742494,0.0013171099190838853,0.0099792,0.008662090080916115,0.13198552179371947,gas,2.0,0.0,0.0,0.0,94095.67176822902,5695.295138888889,512.5765624999999,5.125765624999999,56952.95138888889,15.480234,2904600.520833333,-558492.7613178269,22.474834381767646
US-SERC 2020,methane,Methane,gas,ideal,10.0,1.0,1.0,1.0,1.0,0.610519719405792,,2996.113385500337,140.9935710823688,6.008330880447738,5.828080954034306,0.97,0.040000000000000036,0.2,0.0,0.0,0.15999999999999998,13.524210526315787,4.747071421647375,1.4570202385085764,0.0,95.57534452264919,0.9466947368421053,0.33229499951531627,0.23552657051355136,1.41876087340214,0.49460579807845784,99.00322750100075,-97.54620726249217,-0.03255758201093662,0.0004863034375,0.033043885448436616,-66.94910934273751,16.98727733568438,67.94910934273751,4.662464763227445,0.0,2.18071955,8.256797215711172,2.898180712343409,2.0541945106077404,0.0,15.389891988662322,-10.727427225434877,-0.0035804476817700433,0.001556171,0.005136618681770043,-2.300806069365155,gas,0.56,0.0,0.0,0.0,54796.43609562037,5695.295138888889,512.5765624999999,5.125765624999999,56952.95138888889,33.1926411265625,2819171.09375,-555554.4400391197,-61.09586412980357
US-SERC 2020,carbon_monoxide,Carbon monoxide,gas,ideal,10.0,1.0,1.0,1.0,1.0,0.610519719405792,,2996.113385500337,140.9935710823688,41.96056796393222,37.764511167539,0.9,-0.24,0.2,0.0,0.0,0.44,37.19157894736843,4.747071421647375,22.6587067005234,0.0,203.59250938665548,2.6034105263157903,0.33229499951531627,2.3497918059802045,23.056511730006907,1.9776015681401253,233.91212001661384,-211.25341331609044,-0.070509151735862,0.007562700000000001,0.078071851735862,-9.323277630457639,6.193966578274584,10.32327763045764,60.4232178680624,0.0,6.48071955,22.706192343205732,2.898180712343409,20.494203343558052,0.0,52.57929594910719,7.8439219189552105,0.0026180324005479227,0.020167200000000003,0.01754916759945208,0.12981635529711225,gas,0.8,0.0,0.0,0.0,890505.7189599681,5695.295138888889,512.5765624999999,5.125765624999999,56952.95138888889,215.08003687500002,5040336.197916666,-1203150.537932815,44.673450374849615
US-SERC 2020,hydrogen_peroxide,Hydrogen peroxide,liquid,ideal,10.0,1.0,1.0,1.0,1.0,0.610519719405792,1.0,2996.113385500337,140.9935710823688,50.956398403896976,49.42770645178007,0.97,0.561,0.2,0.0,0.0,-0.36100000000000004,-26.089470000000002,4.747071421647375,59.31324774213608,0.0,144.07327972883678,-1.8262629000000004,0.33229499951531627,39.1053960322478,14.10074829073258,0.0,195.78545615133248,-136.4722084091964,-0.04554974757285636,0.01979673,0.06534647757285636,-2.30087229420497,3.961046753045964,3.30087229420497,72.40164767844195,0.0,4.68071955,-15.92813590384583,2.898180712343409,504.15953251169975,0.0,495.8102968701973,-423.40864919175533,-0.1413193009452972,0.024165189484760177,0.1654844904300574,-5.848052672395576,liquid_evaporation,0.9714285714285714,77.71428571428572,0.0,97.14285714285714,544609.5724085751,5695.295138888889,512.5765624999999,5.125765624999999,56952.95138888889,281.50537628125,3758894.7916666665,-777249.5051463277,-2411.437221505315
US-SERC 2020,formic_acid,Formic acid,liquid,ideal,10.0,1.0,1.0,1.0,1.0,0.610519719405792,1.5,2996.113385500337,140.9935710823688,68.9480592838265,65.50065631963517,0.95,-0.14999999999999997,0.2,0.0,0.0,0.35,29.58421052631579,4.747071421647375,42.575426607762864,0.0,203.59250938665548,2.0708947368421056,0.33229499951531627,44.32211077628648,17.002484583165156,1.9774303402601439,269.29772482272466,-226.7222982149618,-0.07567213554473014,0.01421021875,0.08988235429473014,-5.325191460879527,4.111374449571692,6.325191460879527,163.7516407990879,0.0,6.48071955,18.061743909368193,2.898180712343409,487.2994817588567,0.0,514.7401259305683,-350.9884851314804,-0.11714793132666004,0.05465468749999999,0.17180261882666004,-2.1434196531937,liquid_salt_acid,0.6333333333333334,54.66666666666667,0.1065,63.333333333333336,656682.5864700187,5695.295138888889,512.5765624999999,5.125765624999999,56952.95138888889,373.04556953124995,5040336.197916666,-1291250.402901389,-1998.9830131752951
US-SERC 2020,acetic_acid,Acetic acid,liquid,ideal,10.0,1.0,1.0,1.0,1.0,0.610519719405792,1.2,2996.113385500337,140.9935710823688,22.490325128258277,21.365808871845363,0.95,0.0,0.2,0.0,0.0,0.2,16.905263157894737,4.747071421647375,11.751194879514951,0.0,95.57534452264919,1.1833684210526316,0.33229499951531627,16.65633478998808,9.987831032495002,0.989124499140799,124.72429826484101,-112.97310338532606,-0.03770655140491623,0.00392214625,0.04162869765491623,-9.613754562292579,5.83756500926092,10.61375456229258,34.18529419495258,0.0,2.18071955,10.320996519638967,2.898180712343409,193.7107674431602,0.0,209.11066422514256,-174.92537003018998,-0.058384095500771,0.01140988,0.069793975500771,-5.116977172483058,liquid_salt_acid,0.8,67.0,0.0816,80.0,385757.42760199297,5695.295138888889,512.5765624999999,5.125765624999999,56952.95138888889,121.68458740624999,2819171.09375,-643415.1665356393,-996.2516096012811
US-SERC 2020,methanol,Methanol,liquid,ideal,10.0,1.0,1.0,1.0,1.0,0.610519719405792,1.0,2996.113385500337,140.9935710823688,16.000244183033633,15.520236857542624,0.97,-0.09999999999999998,0.2,0.0,0.0,0.3,25.357894736842105,4.747071421647375,6.984106585894181,0.0,203.59250938665548,1.7750526315789477,0.33229499951531627,2.32806752911976,4.6290862456948725,0.6590500578991554,213.31606085046351,-206.33195426456933,-0.06886653731568068,0.0023310555,0.07119759281568068,-29.543070645757115,13.744381790590703,30.543070645757115,12.4161894860341,0.0,6.48071955,15.481494779458451,2.898180712343409,28.395532423568014,0.0,53.25592746536987,-40.83973797933577,-0.013630905351239146,0.004144098666666667,0.017775004017905813,-3.289232821814847,liquid_distillation,0.5,12.278000000000002,0.0,99.0,178788.00677317276,5695.295138888889,512.5765624999999,5.125765624999999,56952.95138888889,88.39232952916667,5040336.197916666,-1175121.3761204462,-232.59436118720697
US-SERC 2020,ethanol,Ethanol,liquid,ideal,10.0,1.0,1.0,1.0,1.0,0.610519719405792,1.0,2996.113385500337,140.9935710823688,11.502079286935793,11.15701690832772,0.97,-0.02999999999999997,0.2,0.0,0.0,0.22999999999999998,19.44105263157895,4.747071421647375,8.925613526662175,0.0,95.57534452264919,1.3608736842105265,0.33229499951531627,1.8288536107813653,3.797389280963883,0.6594142055200289,103.5541703036403,-94.62855677697813,-0.031583770238780735,0.002979064,0.03456283423878074,-10.601910613125712,9.28152849050057,11.601910613125712,15.619823671658805,0.0,2.18071955,11.869145997584813,2.898180712343409,22.47752475394481,0.0,39.425571013873025,-23.805747342214218,-0.007945542868111038,0.005213361999999999,0.013158904868111039,-1.5240727323579368,liquid_distillation,0.5,13.778000000000002,0.0,99.0,146665.58894139386,5695.295138888889,512.5765624999999,5.125765624999999,56952.95138888889,63.542504162499995,2819171.09375,-538937.5594119948,-135.5807571157297
US-SERC 2020,caustic_soda,Caustic soda,liquid,ideal,10.0,1.0,1.0,1.0,1.0,0.610519719405792,3.0,2996.113385500337,140.9935710823688,119.83554707985698,117.43883613825984,0.98,-0.5479999999999999,0.2,0.0,0.0,0.748,63.22568421052632,4.747071421647375,58.71941806912992,0.0,98.33066813555696,4.425797894736843,0.33229499951531627,29.6632924205006,11.946254398289646,0.0,144.69830784859937,-85.97888977946945,-0.0286968077361703,0.019598530000000003,0.0482953377361703,-1.4642326611317429,1.2321163305658713,2.4642326611317427,129.18271975208583,0.0,2.13071955,38.60052698344974,2.898180712343409,382.42885015523035,0.0,426.0582774010235,-296.8755576489376,-0.09908689006419588,0.04311676600000001,0.1422036560641959,-2.2981058009822877,liquid_evaporation,0.31333333333333335,25.06666666666667,0.0,31.333333333333336,461397.1092592685,5695.295138888889,512.5765624999999,5.125765624999999,56952.95138888889,668.848832575,2904600.520833333,-489675.15300807595,-1690.7939203329224
US-SERC 2020,copper,Copper,solid,ideal,10.0,1.0,1.0,1.0,1.0,0.610519719405792,,2996.113385500337,140.9935710823688,95.1955105975022,92.33964527957714,0.97,0.56,0.2,0.0,0.0,-0.36000000000000004,-26.017200000000006,4.747071421647375,831.0568075161942,0.0,102.24920504372358,-1.8212040000000007,0.33229499951531627,28.796641955744416,6.1366088020549725,0.0,135.69354680103828,695.363260715156,0.23208843299467907,0.27737829,0.04528985700532095,0.836721695106993,1.4695047440370639,0.1632783048930071,304.72082942260454,0.0,2.18071955,-15.884013643724375,2.898180712343409,43.58905231400861,0.0,32.78393893262765,271.9368904899769,0.09076321737555494,0.101705373,0.010942155624445064,0.8924131999944088,solid_metal,0.75,0.0,0.25,0.0,237012.66250687937,5695.295138888889,512.5765624999999,5.125765624999999,56952.95138888889,525.9015328875,3160888.802083333,3960298.998512955,1548.7608504921257
US-SERC 2020,nickel,Nickel,solid,ideal,10.0,1.0,1.0,1.0,1.0,0.610519719405792,,2996.113385500337,140.9935710823688,87.92544146758563,85.28767822355806,0.97,-0.03999999999999998,0.2,0.0,0.0,0.24,20.286315789473683,4.747071421647375,1364.602851576929,0.0,102.24920504372358,1.420042105263158,0.33229499951531627,52.97507848422035,5.850962203410996,0.0,162.82758283613342,1201.7752687407956,0.40111141138942735,0.45545768,0.054346268610572616,0.880677676550382,1.9091571751938885,0.11932232344961803,1023.4521386826967,0.0,2.18071955,12.385195823566761,2.898180712343409,40.260161890065575,0.0,57.724257975975746,965.727880706721,0.3223268803444997,0.34159326,0.019266379655500276,0.9435984783320951,solid_metal,0.75,0.0,0.55,0.0,225980.20743854067,5695.295138888889,512.5765624999999,5.125765624999999,56952.95138888889,485.73849919375,3160888.802083333,6844464.846096341,5500.105304478457
US-SERC 2020,zinc,Zinc,solid,ideal,10.0,1.0,1.0,1.0,1.0,0.610519719405792,,2996.113385500337,140.9935710823688,97.942946572006,95.00465817484582,0.97,-0.5399999999999999,0.2,0.0,0.0,0.74,62.549473684210525,4.747071421647375,266.0130428895683,0.0,102.24920504372358,4.378463157894737,0.33229499951531627,34.52488866663211,6.242268675723841,0.0,147.72712054348958,118.2859223460787,0.03947978835464717,0.08878603999999998,0.049306251645352815,0.4446621152902774,1.5549460771872234,0.5553378847097227,332.5163036119603,0.0,2.18071955,38.18768712266418,2.898180712343409,44.847075194188186,0.0,88.11366257919578,244.40264103276456,0.0815732282414774,0.11098254999999997,0.02940932175852257,0.7350094969116985,solid_metal,0.75,0.0,0.3,0.0,241093.5366160474,5695.295138888889,512.5765624999999,5.125765624999999,56952.95138888889,541.0795678749998,3160888.802083333,673673.2385366106,1391.94517340551
US-SERC 2020,lead,Lead,solid,ideal,10.0,1.0,1.0,1.0,1.0,0.610519719405792,,2996.113385500337,140.9935710823688,310.3973467378349,301.0854263356998,0.97,0.09000000000000002,0.2,0.0,0.0,0.10999999999999999,9.297894736842103,4.747071421647375,632.2793953049696,0.0,102.24920504372358,0.6508526315789472,0.33229499951531627,72.9433764833912,12.471231995785159,0.0,188.6469611539942,443.6324341509754,0.14806930748947303,0.21103319999999998,0.06296389251052695,0.7016398722545696,0.6265562682654038,0.29836012774543036,511.8452247706897,0.0,2.18071955,5.676548085801431,2.898180712343409,94.75185051734263,0.0,105.50729886548747,406.3379259052022,0.13562167836226455,0.1708364,0.03521472163773543,0.7938687443792105,solid_metal,0.5,0.0,0.2,0.0,481673.1839044715,5695.295138888889,512.5765624999999,5.125765624999999,56952.95138888889,1714.7703649999999,3160888.802083333,2526617.6456734953,2314.214414154091
2030 mid-transition,hydrogen,Hydrogen,gas,ideal,10.0,1.0,1.0,1.0,1.0,0.3,,2996.113385500337,140.9935710823688,3.0200822925843394,2.7180740633259055,0.9,-0.13399999999999995,0.2,0.0,0.0,0.33399999999999996,28.23178947368421,4.747071421647375,5.436148126651811,0.0,98.33066813555696,1.976225263157895,0.33229499951531627,0.4228115209618076,2.4362762795065,0.0,103.49827619869848,-98.06212807204666,-0.032729778701506236,0.0018144,0.03454417870150624,-18.038899196156436,38.07779839231287,19.038899196156436,29.89881469658496,0.0,2.13071955,8.469536842105262,1.4241214264942124,1.8120493755506035,0.0,13.836427194150078,16.06238750243488,0.005361074644293723,0.0099792,0.004618125355706276,0.537224892205159,gas,2.0,0.0,0.0,0.0,94095.67176822902,5695.295138888889,512.5765624999999,5.125765624999999,56952.95138888889,15.480234,2904600.520833333,-558492.7613178269,91.48003746156702
2030 mid-transition,methane,Methane,gas,ideal,10.0,1.0,1.0,1.0,1.0,0.3,,2996.113385500337,140.9935710823688,6.008330880447738,5.828080954034306,0.97,0.040000000000000036,0.2,0.0,0.0,0.15999999999999998,13.524210526315787,4.747071421647375,1.4570202385085764,0.0,95.57534452264919,0.9466947368421053,0.33229499951531627,0.23552657051355136,1.41876087340214,0.49460579807845784,99.00322750100075,-97.54620726249217,-0.03255758201093662,0.0004863034375,0.033043885448436616,-66.94910934273751,16.98727733568438,67.94910934273751,4.662464763227445,0.0,2.18071955,4.057263157894736,1.4241214264942124,1.00939958791522,0.0,8.67150372230417,-4.009038959076725,-0.0013380798532119753,0.001556171,0.002894250853211975,-0.85985399625875,gas,0.56,0.0,0.0,0.0,54796.43609562037,5695.295138888889,512.5765624999999,5.125765624999999,56952.95138888889,33.1926411265625,2819171.09375,-555554.4400391197,-22.832660095245842
2030 mid-transition,carbon_monoxide,Carbon monoxide,gas,ideal,10.0,1.0,1.0,1.0,1.0,0.3,,2996.113385500337,140.9935710823688,41.96056796393222,37.764511167539,0.9,-0.24,0.2,0.0,0.0,0.44,37.19157894736843,4.747071421647375,22.6587067005234,0.0,203.59250938665548,2.6034105263157903,0.33229499951531627,2.3497918059802045,23.056511730006907,1.9776015681401253,233.91212001661384,-211.25341331609044,-0.070509151735862,0.007562700000000001,0.078071851735862,-9.323277630457639,6.193966578274584,10.32327763045764,60.4232178680624,0.0,6.48071955,11.157473684210528,1.4241214264942124,10.070536311343732,0.0,29.132850972048473,31.29036689601393,0.010443652449017241,0.020167200000000003,0.009723547550982762,0.5178533682919413,gas,0.8,0.0,0.0,0.0,890505.7189599681,5695.295138888889,512.5765624999999,5.125765624999999,56952.95138888889,215.08003687500002,5040336.197916666,-1203150.537932815,178.20787447691794
2030 mid-transition,hydrogen_peroxide,Hydrogen peroxide,liquid,ideal,10.0,1.0,1.0,1.0,1.0,0.3,1.0,2996.113385500337,140.9935710823688,50.956398403896976,49.42770645178007,0.97,0.561,0.2,0.0,0.0,-0.36100000000000004,-26.089470000000002,4.747071421647375,59.31324774213608,0.0,144.07327972883678,-1.8262629000000004,0.33229499951531627,39.1053960322478,14.10074829073258,0.0,195.78545615133248,-136.4722084091964,-0.04554974757285636,0.01979673,0.06534647757285636,-2.30087229420497,3.961046753045964,3.30087229420497,72.40164767844195,0.0,4.68071955,-7.826841,1.4241214264942124,488.7886507355151,0.0,487.0666507120093,-414.66500303356736,-0.13840097141861682,0.024165189484760177,0.16256616090337697,-5.727286827438273,liquid_evaporation,0.9714285714285714,77.71428571428572,0.0,97.14285714285714,544609.5724085751,5695.295138888889,512.5765624999999,5.125765624999999,56952.95138888889,281.50537628125,3758894.7916666665,-777249.5051463277,-2361.6395760444225
2030 mid-transition,formic_acid,Formic acid,liquid,ideal,10.0,1.0,1.0,1.0,1.0,0.3,1.5,2996.113385500337,140.9935710823688,68.9480592838265,65.50065631963517,0.95,-0.14999999999999997,0.2,0.0,0.0,0.35,29.58421052631579,4.747071421647375,42.575426607762864,0.0,203.59250938665548,2.0708947368421056,0.33229499951531627,44.32211077628648,17.002484583165156,1.9774303402601439,269.29772482272466,-226.7222982149618,-0.07567213554473014,0.01421021875,0.08988235429473014,-5.325191460879527,4.111374449571692,6.325191460879527,163.7516407990879,0.0,6.48071955,8.875263157894736,1.4241214264942124,473.7399848113445,0.0,490.5200889457335,-326.7684481466456,-0.10906411276957624,0.05465468749999999,0.16371880026957625,-1.9955125124368567,liquid_salt_acid,0.6333333333333334,54.66666666666667,0.1065,63.333333333333336,656682.5864700187,5695.295138888889,512.5765624999999,5.125765624999999,56952.95138888889,373.04556953124995,5040336.197916666,-1291250.402901389,-1861.0427542718564
2030 mid-transition,acetic_acid,Acetic acid,liquid,ideal,10.0,1.0,1.0,1.0,1.0,0.3,1.2,2996.113385500337,140.9935710823688,22.490325128258277,21.365808871845363,0.95,0.0,0.2,0.0,0.0,0.2,16.905263157894737,4.747071421647375,11.751194879514951,0.0,95.57534452264919,1.1833684210526316,0.33229499951531627,16.65633478998808,9.987831032495002,0.989124499140799,124.72429826484101,-112.97310338532606,-0.03770655140491623,0.00392214625,0.04162869765491623,-9.613754562292579,5.83756500926092,10.61375456229258,34.18529419495258,0.0,2.18071955,5.071578947368421,1.4241214264942124,188.1238158846228,0.0,196.8002358084854,-162.61494161353284,-0.05427529625564451,0.01140988,0.06568517625564452,-4.756868280441557,liquid_salt_acid,0.8,67.0,0.0816,80.0,385757.42760199297,5695.295138888889,512.5765624999999,5.125765624999999,56952.95138888889,121.68458740624999,2819171.09375,-643415.1665356393,-926.140086482254
2030 mid-transition,methanol,Methanol,liquid,ideal,10.0,1.0,1.0,1.0,1.0,0.3,1.0,2996.113385500337,140.9935710823688,16.000244183033633,15.520236857542624,0.97,-0.09999999999999998,0.2,0.0,0.0,0.3,25.357894736842105,4.747071421647375,6.984106585894181,0.0,203.59250938665548,1.7750526315789477,0.33229499951531627,2.32806752911976,4.6290862456948725,0.6590500578991554,213.31606085046351,-206.33195426456933,-0.06886653731568068,0.0023310555,0.07119759281568068,-29.543070645757115,13.744381790590703,30.543070645757115,12.4161894860341,0.0,6.48071955,7.607368421052631,1.4241214264942124,25.911336756498134,0.0,41.42354615404498,-29.00735666801088,-0.009681661851781617,0.004144098666666667,0.013825760518448284,-2.33625273685125,liquid_distillation,0.5,12.278000000000002,0.0,99.0,178788.00677317276,5695.295138888889,512.5765624999999,5.125765624999999,56952.95138888889,88.39232952916667,5040336.197916666,-1175121.3761204462,-165.20545742333854
2030 mid-transition,ethanol,Ethanol,liquid,ideal,10.0,1.0,1.0,1.0,1.0,0.3,1.0,2996.113385500337,140.9935710823688,11.502079286935793,11.15701690832772,0.97,-0.02999999999999997,0.2,0.0,0.0,0.22999999999999998,19.44105263157895,4.747071421647375,8.925613526662175,0.0,95.57534452264919,1.3608736842105265,0.33229499951531627,1.8288536107813653,3.797389280963883,0.6594142055200289,103.5541703036403,-94.62855677697813,-0.031583770238780735,0.002979064,0.03456283423878074,-10.601910613125712,9.28152849050057,11.601910613125712,15.619823671658805,0.0,2.18071955,5.832315789473684,1.4241214264942124,20.691713537563572,0.0,30.12887030353147,-14.509046631872666,-0.00484262267979879,0.005213361999999999,0.010055984679798789,-0.928886710686653,liquid_distillation,0.5,13.778000000000002,0.0,99.0,146665.58894139386,5695.295138888889,512.5765624999999,5.125765624999999,56952.95138888889,63.542504162499995,2819171.09375,-538937.5594119948,-82.6333027524166
2030 mid-transition,caustic_soda,Caustic soda,liquid,ideal,10.0,1.0,1.0,1.0,1.0,0.3,3.0,2996.113385500337,140.9935710823688,119.83554707985698,117.43883613825984,0.98,-0.5479999999999999,0.2,0.0,0.0,0.748,63.22568421052632,4.747071421647375,58.71941806912992,0.0,98.33066813555696,4.425797894736843,0.33229499951531627,29.6632924205006,11.946254398289646,0.0,144.69830784859937,-85.97888977946945,-0.0286968077361703,0.019598530000000003,0.0482953377361703,-1.4642326611317429,1.2321163305658713,2.4642326611317427,129.18271975208583,0.0,2.13071955,18.967705263157896,1.4241214264942124,370.7693093462863,0.0,393.29185558593844,-264.10913583385263,-0.0881505810534429,0.04311676600000001,0.1312673470534429,-2.044461800623982,liquid_evaporation,0.31333333333333335,25.06666666666667,0.0,31.333333333333336,461397.1092592685,5695.295138888889,512.5765624999999,5.125765624999999,56952.95138888889,668.848832575,2904600.520833333,-489675.15300807595,-1504.1794774506861
2030 mid-transition,copper,Copper,solid,ideal,10.0,1.0,1.0,1.0,1.0,0.3,,2996.113385500337,140.9935710823688,95.1955105975022,92.33964527957714,0.97,0.56,0.2,0.0,0.0,-0.36000000000000004,-26.017200000000006,4.747071421647375,831.0568075161942,0.0,102.24920504372358,-1.8212040000000007,0.33229499951531627,28.796641955744416,6.1366088020549725,0.0,135.69354680103828,695.363260715156,0.23208843299467907,0.27737829,0.04528985700532095,0.836721695106993,1.4695047440370639,0.1632783048930071,304.72082942260454,0.0,2.18071955,-7.805160000000002,1.4241214264942124,21.418989884437995,0.0,17.218670860932207,287.50215856167233,0.09595837058538452,0.101705373,0.005747002414615484,0.9434936203949079,solid_metal,0.75,0.0,0.25,0.0,237012.66250687937,5695.295138888889,512.5765624999999,5.125765624999999,56952.95138888889,525.9015328875,3160888.802083333,3960298.998512955,1637.4096460763549
2030 mid-transition,nickel,Nickel,solid,ideal,10.0,1.0,1.0,1.0,1.0,0.3,,2996.113385500337,140.9935710823688,87.92544146758563,85.28767822355806,0.97,-0.03999999999999998,0.2,0.0,0.0,0.24,20.286315789473683,4.747071421647375,1364.602851576929,0.0,102.24920504372358,1.420042105263158,0.33229499951531627,52.97507848422035,5.850962203410996,0.0,162.82758283613342,1201.7752687407956,0.40111141138942735,0.45545768,0.054346268610572616,0.880677676550382,1.9091571751938885,0.11932232344961803,1023.4521386826967,0.0,2.18071955,6.085894736842104,1.4241214264942124,19.783224330206764,0.0,29.47396004354308,993.9781786391536,0.33175586192748974,0.34159326,0.009837398072510219,0.9712014280594699,solid_metal,0.75,0.0,0.55,0.0,225980.20743854067,5695.295138888889,512.5765624999999,5.125765624999999,56952.95138888889,485.73849919375,3160888.802083333,6844464.846096341,5660.999088965203
2030 mid-transition,zinc,Zinc,solid,ideal,10.0,1.0,1.0,1.0,1.0,0.3,,2996.113385500337,140.9935710823688,97.942946572006,95.00465817484582,0.97,-0.5399999999999999,0.2,0.0,0.0,0.74,62.549473684210525,4.747071421647375,266.0130428895683,0.0,102.24920504372358,4.378463157894737,0.33229499951531627,34.52488866663211,6.242268675723841,0.0,147.72712054348958,118.2859223460787,0.03947978835464717,0.08878603999999998,0.049306251645352815,0.4446621152902774,1.5549460771872234,0.5553378847097227,332.5163036119603,0.0,2.18071955,18.764842105263156,1.4241214264942124,22.037162978701346,0.0,44.40684606045872,288.1094575515016,0.09616106618187571,0.11098254999999997,0.014821483818124254,0.8664521240670333,solid_metal,0.75,0.0,0.3,0.0,241093.5366160474,5695.295138888889,512.5765624999999,5.125765624999999,56952.95138888889,541.0795678749998,3160888.802083333,673673.2385366106,1640.8683930609816
2030 mid-transition,lead,Lead,solid,ideal,10.0,1.0,1.0,1.0,1.0,0.3,,2996.113385500337,140.9935710823688,310.3973467378349,301.0854263356998,0.97,0.09000000000000002,0.2,0.0,0.0,0.10999999999999999,9.297894736842103,4.747071421647375,632.2793953049696,0.0,102.24920504372358,0.6508526315789472,0.33229499951531627,72.9433764833912,12.471231995785159,0.0,188.6469611539942,443.6324341509754,0.14806930748947303,0.21103319999999998,0.06296389251052695,0.7016398722545696,0.6265562682654038,0.29836012774543036,511.8452247706897,0.0,2.18071955,2.789368421052631,1.4241214264942124,46.55960201067523,0.0,52.95381140822207,458.89141336246763,0.15316223197134943,0.1708364,0.01767416802865057,0.8965433126157507,solid_metal,0.5,0.0,0.2,0.0,481673.1839044715,5695.295138888889,512.5765624999999,5.125765624999999,56952.95138888889,1714.7703649999999,3160888.802083333,2526617.6456734953,2613.5220358011134
2050 deep decarbonization,hydrogen,Hydrogen,gas,ideal,10.0,1.0,1.0,1.0,1.0,0.1,,2996.113385500337,140.9935710823688,3.0200822925843394,2.7180740633259055,0.9,-0.13399999999999995,0.2,0.0,0.0,0.33399999999999996,28.23178947368421,4.747071421647375,5.436148126651811,0.0,98.33066813555696,1.976225263157895,0.33229499951531627,0.4228115209618076,2.4362762795065,0.0,103.49827619869848,-98.06212807204666,-0.032729778701506236,0.0018144,0.03454417870150624,-18.038899196156436,38.07779839231287,19.038899196156436,29.89881469658496,0.0,2.13071955,2.823178947368421,0.47470714216473753,0.6040164585168679,0.0,6.032622098050026,23.866192598534933,0.007965717423791487,0.0099792,0.0020134825762085124,0.7982320650745037,gas,2.0,0.0,0.0,0.0,94095.67176822902,5695.295138888889,512.5765624999999,5.125765624999999,56952.95138888889,15.480234,2904600.520833333,-558492.7613178269,135.92501069022197
2050 deep decarbonization,methane,Methane,gas,ideal,10.0,1.0,1.0,1.0,1.0,0.1,,2996.113385500337,140.9935710823688,6.008330880447738,5.828080954034306,0.97,0.040000000000000036,0.2,0.0,0.0,0.15999999999999998,13.524210526315787,4.747071421647375,1.4570202385085764,0.0,95.57534452264919,0.9466947368421053,0.33229499951531627,0.23552657051355136,1.41876087340214,0.49460579807845784,99.00322750100075,-97.54620726249217,-0.03255758201093662,0.0004863034375,0.033043885448436616,-66.94910934273751,16.98727733568438,67.94910934273751,4.662464763227445,0.0,2.18071955,1.3524210526315787,0.47470714216473753,0.33646652930507337,0.0,4.344314274101389,0.31815048912605537,0.00010618773330333283,0.001556171,0.0014499832666966673,0.06823654553601938,gas,0.56,0.0,0.0,0.0,54796.43609562037,5695.295138888889,512.5765624999999,5.125765624999999,56952.95138888889,33.1926411265625,2819171.09375,-555554.4400391197,1.8119609341547456
2050 deep decarbonization,carbon_monoxide,Carbon monoxide,gas,ideal,10.0,1.0,1.0,1.0,1.0,0.1,,2996.113385500337,140.9935710823688,41.96056796393222,37.764511167539,0.9,-0.24,0.2,0.0,0.0,0.44,37.19157894736843,4.747071421647375,22.6587067005234,0.0,203.59250938665548,2.6034105263157903,0.33229499951531627,2.3497918059802045,23.056511730006907,1.9776015681401253,233.91212001661384,-211.25341331609044,-0.070509151735862,0.007562700000000001,0.078071851735862,-9.323277630457639,6.193966578274584,10.32327763045764,60.4232178680624,0.0,6.48071955,3.719157894736843,0.47470714216473753,3.356845437114578,0.0,14.031430024016156,46.39178784404625,0.01548398938056179,0.020167200000000003,0.0046832106194382135,0.7677808213615072,gas,0.8,0.0,0.0,0.0,890505.7189599681,5695.295138888889,512.5765624999999,5.125765624999999,56952.95138888889,215.08003687500002,5040336.197916666,-1203150.537932815,264.21492379256125
2050 deep decarbonization,hydrogen_peroxide,Hydrogen peroxide,liquid,ideal,10.0,1.0,1.0,1.0,1.0,0.1,1.0,2996.113385500337,140.9935710823688,50.956398403896976,49.42770645178007,0.97,0.561,0.2,0.0,0.0,-0.36100000000000004,-26.089470000000002,4.747071421647375,59.31324774213608,0.0,144.07327972883678,-1.8262629000000004,0.33229499951531627,39.1053960322478,14.10074829073258,0.0,195.78545615133248,-136.4722084091964,-0.04554974757285636,0.01979673,0.06534647757285636,-2.30087229420497,3.961046753045964,3.30087229420497,72.40164767844195,0.0,4.68071955,-2.6089470000000006,0.47470714216473753,478.8885504741865,0.0,481.4350301663512,-409.0333824879093,-0.1365213294221182,0.024165189484760177,0.16068651890687838,-5.649503783457425,liquid_evaporation,0.9714285714285714,77.71428571428572,0.0,97.14285714285714,544609.5724085751,5695.295138888889,512.5765624999999,5.125765624999999,56952.95138888889,281.50537628125,3758894.7916666665,-777249.5051463277,-2329.5658349266696
2050 deep decarbonization,formic_acid,Formic acid,liquid,ideal,10.0,1.0,1.0,1.0,1.0,0.1,1.5,2996.113385500337,140.9935710823688,68.9480592838265,65.50065631963517,0.95,-0.14999999999999997,0.2,0.0,0.0,0.35,29.58421052631579,4.747071421647375,42.575426607762864,0.0,203.59250938665548,2.0708947368421056,0.33229499951531627,44.32211077628648,17.002484583165156,1.9774303402601439,269.29772482272466,-226.7222982149618,-0.07567213554473014,0.01421021875,0.08988235429473014,-5.325191460879527,4.111374449571692,6.325191460879527,163.7516407990879,0.0,6.48071955,2.958421052631579,0.47470714216473753,465.0065639687265,0.0,474.9204117135228,-311.1687709144349,-0.1038574749608387,0.05465468749999999,0.15851216246083868,-1.9002482625271386,liquid_salt_acid,0.6333333333333334,54.66666666666667,0.1065,63.333333333333336,656682.5864700187,5695.295138888889,512.5765624999999,5.125765624999999,56952.95138888889,373.04556953124995,5040336.197916666,-1291250.402901389,-1772.1979883630113
2050 deep decarbonization,acetic_acid,Acetic acid,liquid,ideal,10.0,1.0,1.0,1.0,1.0,0.1,1.2,2996.113385500337,140.9935710823688,22.490325128258277,21.365808871845363,0.95,0.0,0.2,0.0,0.0,0.2,16.905263157894737,4.747071421647375,11.751194879514951,0.0,95.57534452264919,1.1833684210526316,0.33229499951531627,16.65633478998808,9.987831032495002,0.989124499140799,124.72429826484101,-112.97310338532606,-0.03770655140491623,0.00392214625,0.04162869765491623,-9.613754562292579,5.83756500926092,10.61375456229258,34.18529419495258,0.0,2.18071955,1.6905263157894739,0.47470714216473753,184.52536386410145,0.0,188.87131687205567,-154.6860226771031,-0.051628894762696456,0.01140988,0.06303877476269645,-4.52492881280929,liquid_salt_acid,0.8,67.0,0.0816,80.0,385757.42760199297,5695.295138888889,512.5765624999999,5.125765624999999,56952.95138888889,121.68458740624999,2819171.09375,-643415.1665356393,-880.9825530069617
2050 deep decarbonization,methanol,Methanol,liquid,ideal,10.0,1.0,1.0,1.0,1.0,0.1,1.0,2996.113385500337,140.9935710823688,16.000244183033633,15.520236857542624,0.97,-0.09999999999999998,0.2,0.0,0.0,0.3,25.357894736842105,4.747071421647375,6.984106585894181,0.0,203.59250938665548,1.7750526315789477,0.33229499951531627,2.32806752911976,4.6290862456948725,0.6590500578991554,213.31606085046351,-206.33195426456933,-0.06886653731568068,0.0023310555,0.07119759281568068,-29.543070645757115,13.744381790590703,30.543070645757115,12.4161894860341,0.0,6.48071955,2.535789473684211,0.47470714216473753,24.31131233819477,0.0,33.80252850404372,-21.386339018009622,-0.0071380272594183565,0.004144098666666667,0.011282125926085023,-1.722455914680206,liquid_distillation,0.5,12.278000000000002,0.0,99.0,178788.00677317276,5695.295138888889,512.5765624999999,5.125765624999999,56952.95138888889,88.39232952916667,5040336.197916666,-1175121.3761204462,-121.80151264789997
2050 deep decarbonization,ethanol,Ethanol,liquid,ideal,10.0,1.0,1.0,1.0,1.0,0.1,1.0,2996.113385500337,140.9935710823688,11.502079286935793,11.15701690832772,0.97,-0.02999999999999997,0.2,0.0,0.0,0.22999999999999998,19.44105263157895,4.747071421647375,8.925613526662175,0.0,95.57534452264919,1.3608736842105265,0.33229499951531627,1.8288536107813653,3.797389280963883,0.6594142055200289,103.5541703036403,-94.62855677697813,-0.031583770238780735,0.002979064,0.03456283423878074,-10.601910613125712,9.28152849050057,11.601910613125712,15.619823671658805,0.0,2.18071955,1.944105263157895,0.47470714216473753,19.541505608869997,0.0,24.14103756419263,-8.521213892533824,-0.0028440892570261726,0.005213361999999999,0.008057451257026173,-0.545538417824462,liquid_distillation,0.5,13.778000000000002,0.0,99.0,146665.58894139386,5695.295138888889,512.5765624999999,5.125765624999999,56952.95138888889,63.542504162499995,2819171.09375,-538937.5594119948,-48.53082805958035
2050 deep decarbonization,caustic_soda,Caustic soda,liquid,ideal,10.0,1.0,1.0,1.0,1.0,0.1,3.0,2996.113385500337,140.9935710823688,119.83554707985698,117.43883613825984,0.98,-0.5479999999999999,0.2,0.0,0.0,0.748,63.22568421052632,4.747071421647375,58.71941806912992,0.0,98.33066813555696,4.425797894736843,0.33229499951531627,29.6632924205006,11.946254398289646,0.0,144.69830784859937,-85.97888977946945,-0.0286968077361703,0.019598530000000003,0.0482953377361703,-1.4642326611317429,1.2321163305658713,2.4642326611317427,129.18271975208583,0.0,2.13071955,6.322568421052632,0.47470714216473753,363.2596150626153,0.0,372.1876101758327,-243.00489042374684,-0.08110670697569951,0.04311676600000001,0.12422347297569952,-1.8810943978428136,liquid_evaporation,0.31333333333333335,25.06666666666667,0.0,31.333333333333336,461397.1092592685,5695.295138888889,512.5765624999999,5.125765624999999,56952.95138888889,668.848832575,2904600.520833333,-489675.15300807595,-1383.9845711565924
2050 deep decarbonization,copper,Copper,solid,ideal,10.0,1.0,1.0,1.0,1.0,0.1,,2996.113385500337,140.9935710823688,95.1955105975022,92.33964527957714,0.97,0.56,0.2,0.0,0.0,-0.36000000000000004,-26.017200000000006,4.747071421647375,831.0568075161942,0.0,102.24920504372358,-1.8212040000000007,0.33229499951531627,28.796641955744416,6.1366088020549725,0.0,135.69354680103828,695.363260715156,0.23208843299467907,0.27737829,0.04528985700532095,0.836721695106993,1.4695047440370639,0.1632783048930071,304.72082942260454,0.0,2.18071955,-2.6017200000000007,0.47470714216473753,7.139663294812666,0.0,7.1933699869774035,297.5274594356271,0.09930447254616882,0.101705373,0.0024009004538311706,0.9763935730924346,solid_metal,0.75,0.0,0.25,0.0,237012.66250687937,5695.295138888889,512.5765624999999,5.125765624999999,56952.95138888889,525.9015328875,3160888.802083333,3960298.998512955,1694.506693409688
2050 deep decarbonization,nickel,Nickel,solid,ideal,10.0,1.0,1.0,1.0,1.0,0.1,,2996.113385500337,140.9935710823688,87.92544146758563,85.28767822355806,0.97,-0.03999999999999998,0.2,0.0,0.0,0.24,20.286315789473683,4.747071421647375,1364.602851576929,0.0,102.24920504372358,1.420042105263158,0.33229499951531627,52.97507848422035,5.850962203410996,0.0,162.82758283613342,1201.7752687407956,0.40111141138942735,0.45545768,0.054346268610572616,0.880677676550382,1.9091571751938885,0.11932232344961803,1023.4521386826967,0.0,2.18071955,2.0286315789473686,0.47470714216473753,6.594408110068923,0.0,11.27846638118103,1012.1736723015157,0.3378288943268706,0.34159326,0.0037643656731294163,0.9889799767327686,solid_metal,0.75,0.0,0.55,0.0,225980.20743854067,5695.295138888889,512.5765624999999,5.125765624999999,56952.95138888889,485.73849919375,3160888.802083333,6844464.846096341,5764.627795570137
2050 deep decarbonization,zinc,Zinc,solid,ideal,10.0,1.0,1.0,1.0,1.0,0.1,,2996.113385500337,140.9935710823688,97.942946572006,95.00465817484582,0.97,-0.5399999999999999,0.2,0.0,0.0,0.74,62.549473684210525,4.747071421647375,266.0130428895683,0.0,102.24920504372358,4.378463157894737,0.33229499951531627,34.52488866663211,6.242268675723841,0.0,147.72712054348958,118.2859223460787,0.03947978835464717,0.08878603999999998,0.049306251645352815,0.4446621152902774,1.5549460771872234,0.5553378847097227,332.5163036119603,0.0,2.18071955,6.254947368421053,0.47470714216473753,7.345720992900451,0.0,16.25609505348624,316.26020855847406,0.10555682241166588,0.11098254999999997,0.005425727588334094,0.9511118857123566,solid_metal,0.75,0.0,0.3,0.0,241093.5366160474,5695.295138888889,512.5765624999999,5.125765624999999,56952.95138888889,541.0795678749998,3160888.802083333,673673.2385366106,1801.1952284270635
2050 deep decarbonization,lead,Lead,solid,ideal,10.0,1.0,1.0,1.0,1.0,0.1,,2996.113385500337,140.9935710823688,310.3973467378349,301.0854263356998,0.97,0.09000000000000002,0.2,0.0,0.0,0.10999999999999999,9.297894736842103,4.747071421647375,632.2793953049696,0.0,102.24920504372358,0.6508526315789472,0.33229499951531627,72.9433764833912,12.471231995785159,0.0,188.6469611539942,443.6324341509754,0.14806930748947303,0.21103319999999998,0.06296389251052695,0.7016398722545696,0.6265562682654038,0.29836012774543036,511.8452247706897,0.0,2.18071955,0.9297894736842104,0.47470714216473753,15.519867336891744,0.0,19.10508350274069,492.740141267949,0.16445977767482378,0.1708364,0.006376622325176199,0.9626741003370699,solid_metal,0.5,0.0,0.2,0.0,481673.1839044715,5695.295138888889,512.5765624999999,5.125765624999999,56952.95138888889,1714.7703649999999,3160888.802083333,2526617.6456734953,2806.3005312987743
US-SERC 2020,hydrogen,Hydrogen,gas,realistic,1.0,0.8,2.0,1.0,1.0,0.610519719405792,,299.6113385500337,14.099357108236878,0.24160658340674715,0.21744592506607244,0.9,-0.13399999999999995,0.03666666666666667,0.2,0.35,0.7206666666666666,6.091529824561404,2.2091871421647373,0.4348918501321449,0.0,98.33066813555696,0.4264070877192983,0.15464309995153164,0.033824921676944605,0.20839607145489222,0.0,99.15393931635961,-98.71904746622747,-0.32949035888954464,0.00145152,0.3309418788895447,-226.9967750286215,455.993550057243,227.9967750286215,2.3919051757267966,0.0,2.13071955,3.7189990792432415,1.348752314149299,0.2950111670161587,0.0,7.493482110408699,-5.101576934681903,-0.017027315986674396,0.007983359999999998,0.025010675986674395,-2.1328508280566574,gas,2.0,0.0,0.0,0.0,80488.27837120359,56952.95138888889,5125.765625,51.25765625,56952.95138888889,12.3841872,29046005.208333336,-5622341.111501467,-290.5498631676152
US-SERC 2020,methane,Methane,gas,realistic,1.0,0.8,2.0,1.0,1.0,0.610519719405792,,299.6113385500337,14.099357108236878,0.480666470435819,0.4662464763227444,0.97,0.040000000000000036,0.03666666666666667,0.2,0.5,0.6966666666666667,5.888666666666667,2.2091871421647373,0.1165616190806861,0.0,95.57534452264919,0.4122066666666668,0.15464309995153164,0.018842125641084107,0.12135905719642287,0.03956846384627662,96.32196393595117,-96.20540231687049,-0.3211006725661841,0.00038904274999999996,0.3214897153161841,-825.3608955987077,206.59022389967691,826.3608955987077,0.37299718105819557,0.0,2.18071955,3.595147121007574,1.348752314149299,0.16433556084861925,0.0,7.288954546005492,-6.915957364947296,-0.023083096248683405,0.0012449368,0.024328033048683407,-18.54158078440882,gas,0.56,0.0,0.0,0.0,46872.196343714684,56952.95138888889,5125.765625,51.25765625,56952.95138888889,26.554112901249997,28191710.9375,-5479181.601501224,-393.88418361347146
US-SERC 2020,carbon_monoxide,Carbon monoxide,gas,realistic,1.0,0.7,2.0,1.0,1.0,0.610519719405792,,299.6113385500337,14.099357108236878,2.9372397574752553,2.64351578172773,0.9,-0.24,0.03666666666666667,0.2,0.65,1.1266666666666667,9.523298245614034,2.2091871421647373,1.586109469036638,0.0,203.59250938665548,0.6666308771929825,0.15464309995153164,0.16448542641861433,1.7962311788817449,0.1384321097698088,206.51293207887016,-204.92682260983352,-0.6839755250971976,0.005293890000000001,0.6892694150971976,-129.2009326029059,78.12055956174355,130.2009326029059,4.229625250764368,0.0,6.48071955,5.814161372729951,1.348752314149299,1.4345942340490636,0.0,15.078227470928315,-10.848602220163947,-0.036208917435053216,0.01411704,0.05032595743505322,-2.5649086093864732,gas,0.8,0.0,0.0,0.0,693753.7456226125,56952.95138888889,5125.765625,51.25765625,56952.95138888889,150.55602581250002,50403361.97916667,-11671187.366377305,-617.8599148823894
US-SERC 2020,hydrogen_peroxide,Hydrogen peroxide,liquid,realistic,1.0,0.7,2.0,1.0,1.0,0.610519719405792,1.0,299.6113385500337,14.099357108236878,3.5669478882727885,3.4599394516246047,0.97,0.561,0.03666666666666667,0.2,0.5,0.17566666666666664,1.4848456140350874,2.2091871421647373,4.151927341949525,0.0,144.07327972883678,0.10393919298245613,0.15464309995153164,2.7373777222573463,1.138415982212104,0.0,148.20765572624023,-144.05572838429072,-0.4808086672602148,0.013857710999999998,0.4946663782602148,-34.696110148365406,42.83533217803848,35.6961101483654,5.068115337490936,0.0,4.68071955,0.9065275276416225,1.348752314149299,35.291167275818985,0.0,42.22716666760991,-37.15905133011897,-0.12402418249572883,0.016915632639332122,0.14093981513506096,-7.331926930557039,liquid_evaporation,0.9714285714285714,77.71428571428572,0.0,97.14285714285714,439687.4750988207,56952.95138888889,5125.765625,51.25765625,56952.95138888889,197.053763396875,37588947.916666664,-8204398.89596149,-2116.317644061493
US-SERC 2020,formic_acid,Formic acid,liquid,realistic,1.0,0.6,2.0,1.0,1.0,0.610519719405792,1.5,299.6113385500337,14.099357108236878,4.13688355702959,3.93003937917811,0.95,-0.14999999999999997,0.03666666666666667,0.2,0.75,1.1366666666666667,9.60782456140351,2.2091871421647373,2.554525596465772,0.0,203.59250938665548,0.6725477192982457,0.15464309995153164,2.6593266465771883,1.2514201395581788,0.11864582041560863,208.44909281245626,-205.8945672159905,-0.687205525039257,0.00852613125,0.695731656289257,-80.59992332856207,53.03995016356535,81.59992332856207,9.825098447945276,0.0,6.48071955,5.865766355328147,1.348752314149299,29.237968905531403,0.0,42.93320712500885,-33.10810867706357,-0.1105035237894866,0.0327928125,0.1432963362894866,-3.369748288271602,liquid_salt_acid,0.6333333333333334,54.66666666666667,0.1065,63.333333333333336,483332.77997465135,56952.95138888889,5125.765625,51.25765625,56952.95138888889,223.82734171874998,50403361.97916667,-11726303.277888622,-1885.604504062852
US-SERC 2020,acetic_acid,Acetic acid,liquid,realistic,1.0,0.7,2.0,1.0,1.0,0.610519719405792,1.2,299.6113385500337,14.099357108236878,1.5743227589780795,1.4956066210291754,0.95,0.0,0.03666666666666667,0.2,0.55,0.7866666666666667,6.649403508771931,2.2091871421647373,0.8225836415660466,0.0,95.57534452264919,0.4654582456140352,0.15464309995153164,1.1659434352991658,0.8063619207002812,0.06923871493985594,98.23698993915406,-97.41440629758802,-0.32513591364407013,0.002745502375,0.3278814160190701,-118.4249252904289,65.6837089097359,119.4249252904289,2.3929705936466807,0.0,2.18071955,4.059591964391328,1.348752314149299,13.559753721021215,0.0,21.14881754956184,-18.75584695591516,-0.06260059130833937,0.007986916,0.07058750730833936,-7.837892787195879,liquid_salt_acid,0.8,67.0,0.0816,80.0,311439.0894614871,56952.95138888889,5125.765625,51.25765625,56952.95138888889,85.179211184375,28191710.9375,-5548037.946444002,-1068.2008399376757
US-SERC 2020,methanol,Methanol,liquid,realistic,1.0,0.3,2.0,1.0,1.0,0.610519719405792,1.0,299.6113385500337,14.099357108236878,0.480007325491009,0.4656071057262787,0.97,-0.09999999999999998,0.03666666666666667,0.2,0.85,1.1866666666666665,10.030456140350877,2.2091871421647373,0.20952319757682544,0.0,203.59250938665548,0.7021319298245614,0.15464309995153164,0.0698420258735928,0.2247853612427052,0.019771501736974662,204.76368330528484,-204.55416010770801,-0.6827317053408125,0.0006993166500000001,0.6834310219908125,-976.2840700858651,439.77783153863936,977.2840700858652,0.372485684581023,0.0,6.48071955,6.1237912683191205,1.348752314149299,0.8518659727070405,0.0,14.80512910517546,-14.432643420594438,-0.048171219054796405,0.0012432296000000002,0.0494144486547964,-38.74684053114276,liquid_distillation,0.5,12.278000000000002,0.0,99.0,86818.27158815032,56952.95138888889,5125.765625,51.25765625,56952.95138888889,26.517698858750002,50403361.97916667,-11649963.13700929,-821.9816391462821
US-SERC 2020,ethanol,Ethanol,liquid,realistic,1.0,0.3,2.0,1.0,1.0,0.610519719405792,1.0,299.6113385500337,14.099357108236878,0.3450623786080738,0.3347105072498316,0.97,-0.02999999999999997,0.03666666666666667,0.2,0.75,1.0166666666666666,8.593508771929825,2.2091871421647373,0.26776840579986527,0.0,95.57534452264919,0.6015456140350878,0.15464309995153164,0.054865608323440965,0.18439870764872932,0.019782426165600872,96.59057997877358,-96.3228115729737,-0.32149254443816133,0.0008937192,0.32238626363816136,-359.7243344868962,288.57946758951704,360.7243344868963,0.46859471014976417,0.0,2.18071955,5.246506564149809,1.348752314149299,0.6743257426183444,0.0,9.450304170917454,-8.98170946076769,-0.029977869009345872,0.0015640086,0.031541877609345875,-19.167330032165985,liquid_distillation,0.5,13.778000000000002,0.0,99.0,71219.83830551087,56952.95138888889,5125.765625,51.25765625,56952.95138888889,19.062751248750004,28191710.9375,-5485868.405156676,-511.5348623082256
US-SERC 2020,caustic_soda,Caustic soda,liquid,realistic,1.0,0.9,2.0,1.0,1.0,0.610519719405792,3.0,299.6113385500337,14.099357108236878,10.785199237187127,10.569495252443385,0.98,-0.5479999999999999,0.03666666666666667,0.2,0.4,1.1846666666666668,10.013550877192985,2.2091871421647373,5.284747626221693,0.0,98.33066813555696,0.700948561403509,0.15464309995153164,2.669696317845054,1.1214431553023911,0.0,102.97739927005944,-97.69265164383775,-0.32606460128184883,0.017638677000000002,0.34370327828184877,-18.48577426083877,9.742887130419383,19.485774260838767,11.626444777687725,0.0,2.13071955,6.113470271799484,1.348752314149299,34.418596513970726,0.0,44.01153864991951,-32.385093872231785,-0.10809034807881153,0.038805089400000006,0.14689543747881154,-2.7854683432016913,liquid_evaporation,0.31333333333333335,25.06666666666667,0.0,31.333333333333336,433132.10384101403,56952.95138888889,5125.765625,51.25765625,56952.95138888889,601.9639493175,29046005.208333336,-5563884.840123148,-1844.4266770298204
US-SERC 2020,copper,Copper,solid,realistic,1.0,0.9,2.0,1.0,1.0,0.610519719405792,,299.6113385500337,14.099357108236878,8.567595953775198,8.310568075161942,0.97,0.56,0.03666666666666667,0.2,0.25,-0.07333333333333336,-0.5299800000000002,2.2091871421647373,74.79511267645748,0.0,102.24920504372358,-0.037098600000000016,0.15464309995153164,2.5916977760169972,0.5760682560734881,0.0,105.5345155757656,-30.739402899308118,-0.10259759543170555,0.249640461,0.3522380564317055,-0.4109814371465431,12.698832934318887,1.410981437146543,27.424874648034407,0.0,2.18071955,-0.3235632408906818,1.348752314149299,3.9230147082607747,0.0,7.128923331519392,20.295951316515016,0.06774093201791723,0.0915348357,0.023793903682082763,0.7400563020611532,solid_metal,0.75,0.0,0.25,0.0,222493.36003290678,56952.95138888889,5125.765625,51.25765625,56952.95138888889,473.31137959875,31608888.020833336,-1750699.7190477655,1155.914328720735
US-SERC 2020,nickel,Nickel,solid,realistic,1.0,0.6,2.0,1.0,1.0,0.610519719405792,,299.6113385500337,14.099357108236878,5.275526488055138,5.117260693413484,0.97,-0.03999999999999998,0.03666666666666667,0.2,0.5,0.7766666666666666,6.564877192982456,2.2091871421647373,81.87617109461574,0.0,102.24920504372358,0.45954140350877193,0.15464309995153164,3.178504709053221,0.4306436451289028,0.0,106.47253790136598,-24.59636680675024,-0.08209424558424301,0.273274608,0.355368853584243,-0.3004093434990601,20.806549495984964,1.3004093434990602,61.4071283209618,0.0,2.18071955,4.007986981793132,1.348752314149299,2.4156097134039345,0.0,9.953068559346365,51.45405976161544,0.171736023111231,0.204955956,0.03321993288876899,0.837916723489758,solid_metal,0.75,0.0,0.55,0.0,166326.38679768756,56952.95138888889,5125.765625,51.25765625,56952.95138888889,291.44309951625,31608888.020833336,-1400835.6830881266,2930.460564364268
US-SERC 2020,zinc,Zinc,solid,realistic,1.0,0.7,2.0,1.0,1.0,0.610519719405792,,299.6113385500337,14.099357108236878,6.85600626004042,6.650326072239207,0.97,-0.5399999999999999,0.03666666666666667,0.2,0.35,1.1266666666666665,9.523298245614033,2.2091871421647373,18.62091300226978,0.0,102.24920504372358,0.6666308771929823,0.15464309995153164,2.416742206664248,0.5039660505376492,0.0,105.99118727807,-87.37027427580023,-0.2916120421163894,0.062150227999999995,0.3537622701163894,-4.692051043101394,15.9377429206839,5.692051043101394,23.276141252837224,0.0,2.18071955,5.81416137272995,1.348752314149299,3.1392952635931732,0.0,12.482928500472422,10.793212752364802,0.03602404636819973,0.07768778499999998,0.04166373863180025,0.4637028378167783,solid_metal,0.75,0.0,0.3,0.0,194645.5107436629,56952.95138888889,5125.765625,51.25765625,56952.95138888889,378.7556975124999,31608888.020833336,-4975994.983663539,614.7053212153683
US-SERC 2020,lead,Lead,solid,realistic,1.0,0.8,2.0,1.0,1.0,0.610519719405792,,299.6113385500337,14.099357108236878,24.83178773902679,24.086834106855985,0.97,0.09000000000000002,0.03666666666666667,0.2,0.3,0.4466666666666666,3.775508771929824,2.2091871421647373,50.58235162439757,0.0,102.24920504372358,0.2642856140350877,0.15464309995153164,5.835470118671296,1.0908457663631543,0.0,109.59444964274465,-59.01209801834708,-0.19696216539712946,0.16882656,0.3657887253971294,-1.1666539044397368,4.549973199323447,2.1666539044397366,40.94761798165517,0.0,2.18071955,2.3050225560527022,1.348752314149299,7.580148041387411,0.0,13.414642461589413,27.532975520065758,0.09189563937503614,0.13666911999999998,0.044773480624963835,0.6723950470672245,solid_metal,0.5,0.0,0.2,0.0,421314.55305332394,56952.95138888889,5125.765625,51.25765625,56952.95138888889,1371.816292,31608888.020833336,-3360913.1497952677,1568.0842163857728
2030 mid-transition,hydrogen,Hydrogen,gas,realistic,1.0,0.8,2.0,1.0,1.0,0.3,,299.6113385500337,14.099357108236878,0.24160658340674715,0.21744592506607244,0.9,-0.13399999999999995,0.03666666666666667,0.2,0.35,0.7206666666666666,6.091529824561404,2.2091871421647373,0.4348918501321449,0.0,98.33066813555696,0.4264070877192983,0.15464309995153164,0.033824921676944605,0.20839607145489222,0.0,99.15393931635961,-98.71904746622747,-0.32949035888954464,0.00145152,0.3309418788895447,-226.9967750286215,455.993550057243,227.9967750286215,2.3919051757267966,0.0,2.13071955,1.827458947368421,0.6627561426494212,0.14496395004404827,0.0,4.765898590061891,-2.3739934143350943,-0.007923576677117808,0.007983359999999998,0.015906936677117806,-0.9925115085775673,gas,2.0,0.0,0.0,0.0,80488.27837120359,56952.95138888889,5125.765625,51.25765625,56952.95138888889,12.3841872,29046005.208333336,-5622341.111501467,-135.205931524169
2030 mid-transition,methane,Methane,gas,realistic,1.0,0.8,2.0,1.0,1.0,0.3,,299.6113385500337,14.099357108236878,0.480666470435819,0.4662464763227444,0.97,0.040000000000000036,0.03666666666666667,0.2,0.5,0.6966666666666667,5.888666666666667,2.2091871421647373,0.1165616190806861,0.0,95.57534452264919,0.4122066666666668,0.15464309995153164,0.018842125641084107,0.12135905719642287,0.03956846384627662,96.32196393595117,-96.20540231687049,-0.3211006725661841,0.00038904274999999996,0.3214897153161841,-825.3608955987077,206.59022389967691,826.3608955987077,0.37299718105819557,0.0,2.18071955,1.7666000000000002,0.6627561426494212,0.0807519670332176,0.0,4.690827659682639,-4.317830478624443,-0.01441143883112216,0.0012449368,0.01565637563112216,-11.5760405115522,gas,0.56,0.0,0.0,0.0,46872.196343714684,56952.95138888889,5125.765625,51.25765625,56952.95138888889,26.554112901249997,28191710.9375,-5479181.601501224,-245.91318935456076
2030 mid-transition,carbon_monoxide,Carbon monoxide,gas,realistic,1.0,0.7,2.0,1.0,1.0,0.3,,299.6113385500337,14.099357108236878,2.9372397574752553,2.64351578172773,0.9,-0.24,0.03666666666666667,0.2,0.65,1.1266666666666667,9.523298245614034,2.2091871421647373,1.586109469036638,0.0,203.59250938665548,0.6666308771929825,0.15464309995153164,0.16448542641861433,1.7962311788817449,0.1384321097698088,206.51293207887016,-204.92682260983352,-0.6839755250971976,0.005293890000000001,0.6892694150971976,-129.2009326029059,78.12055956174355,130.2009326029059,4.229625250764368,0.0,6.48071955,2.85698947368421,0.6627561426494212,0.7049375417940612,0.0,10.705402708127693,-6.475777457363325,-0.021613926524619496,0.01411704,0.0357309665246195,-1.5310522974093361,gas,0.8,0.0,0.0,0.0,693753.7456226125,56952.95138888889,5125.765625,51.25765625,56952.95138888889,150.55602581250002,50403361.97916667,-11671187.366377305,-368.8146387344759
2030 mid-transition,hydrogen_peroxide,Hydrogen peroxide,liquid,realistic,1.0,0.7,2.0,1.0,1.0,0.3,1.0,299.6113385500337,14.099357108236878,3.5669478882727885,3.4599394516246047,0.97,0.561,0.03666666666666667,0.2,0.5,0.17566666666666664,1.4848456140350874,2.2091871421647373,4.151927341949525,0.0,144.07327972883678,0.10393919298245613,0.15464309995153164,2.7373777222573463,1.138415982212104,0.0,148.20765572624023,-144.05572838429072,-0.4808086672602148,0.013857710999999998,0.4946663782602148,-34.696110148365406,42.83533217803848,35.6961101483654,5.068115337490936,0.0,4.68071955,0.4454536842105262,0.6627561426494212,34.21520555148606,0.0,40.004134928346005,-34.93601959085507,-0.1166044641699063,0.016915632639332122,0.13352009680923843,-6.893296080382967,liquid_evaporation,0.9714285714285714,77.71428571428572,0.0,97.14285714285714,439687.4750988207,56952.95138888889,5125.765625,51.25765625,56952.95138888889,197.053763396875,37588947.916666664,-8204398.89596149,-1989.7094254792387
2030 mid-transition,formic_acid,Formic acid,liquid,realistic,1.0,0.6,2.0,1.0,1.0,0.3,1.5,299.6113385500337,14.099357108236878,4.13688355702959,3.93003937917811,0.95,-0.14999999999999997,0.03666666666666667,0.2,0.75,1.1366666666666667,9.60782456140351,2.2091871421647373,2.554525596465772,0.0,203.59250938665548,0.6725477192982457,0.15464309995153164,2.6593266465771883,1.2514201395581788,0.11864582041560863,208.44909281245626,-205.8945672159905,-0.687205525039257,0.00852613125,0.695731656289257,-80.59992332856207,53.03995016356535,81.59992332856207,9.825098447945276,0.0,6.48071955,2.8823473684210525,0.6627561426494212,28.424399088680673,0.0,38.45022214975115,-28.625123701805872,-0.09554085583121419,0.0327928125,0.12833366833121418,-2.913469402211664,liquid_salt_acid,0.6333333333333334,54.66666666666667,0.1065,63.333333333333336,483332.77997465135,56952.95138888889,5125.765625,51.25765625,56952.95138888889,223.82734171874998,50403361.97916667,-11726303.277888622,-1630.2852786898811
2030 mid-transition,acetic_acid,Acetic acid,liquid,realistic,1.0,0.7,2.0,1.0,1.0,0.3,1.2,299.6113385500337,14.099357108236878,1.5743227589780795,1.4956066210291754,0.95,0.0,0.03666666666666667,0.2,0.55,0.7866666666666667,6.649403508771931,2.2091871421647373,0.8225836415660466,0.0,95.57534452264919,0.4654582456140352,0.15464309995153164,1.1659434352991658,0.8063619207002812,0.06923871493985594,98.23698993915406,-97.41440629758802,-0.32513591364407013,0.002745502375,0.3278814160190701,-118.4249252904289,65.6837089097359,119.4249252904289,2.3929705936466807,0.0,2.18071955,1.994821052631579,0.6627561426494212,13.168667111923595,0.0,18.006963857204596,-15.613993263557916,-0.05211416009528108,0.007986916,0.06010107609528108,-6.52494155382141,liquid_salt_acid,0.8,67.0,0.0816,80.0,311439.0894614871,56952.95138888889,5125.765625,51.25765625,56952.95138888889,85.179211184375,28191710.9375,-5548037.946444002,-889.2629993258527
2030 mid-transition,methanol,Methanol,liquid,realistic,1.0,0.3,2.0,1.0,1.0,0.3,1.0,299.6113385500337,14.099357108236878,0.480007325491009,0.4656071057262787,0.97,-0.09999999999999998,0.03666666666666667,0.2,0.85,1.1866666666666665,10.030456140350877,2.2091871421647373,0.20952319757682544,0.0,203.59250938665548,0.7021319298245614,0.15464309995153164,0.0698420258735928,0.2247853612427052,0.019771501736974662,204.76368330528484,-204.55416010770801,-0.6827317053408125,0.0006993166500000001,0.6834310219908125,-976.2840700858651,439.77783153863936,977.2840700858652,0.372485684581023,0.0,6.48071955,3.009136842105263,0.6627561426494212,0.777340102694944,0.0,10.92995263744963,-10.557466952868607,-0.03523720765696443,0.0012432296000000002,0.03648043725696442,-28.343282412970556,liquid_distillation,0.5,12.278000000000002,0.0,99.0,86818.27158815032,56952.95138888889,5125.765625,51.25765625,56952.95138888889,26.517698858750002,50403361.97916667,-11649963.13700929,-601.2789021565267
2030 mid-transition,ethanol,Ethanol,liquid,realistic,1.0,0.3,2.0,1.0,1.0,0.3,1.0,299.6113385500337,14.099357108236878,0.3450623786080738,0.3347105072498316,0.97,-0.02999999999999997,0.03666666666666667,0.2,0.75,1.0166666666666666,8.593508771929825,2.2091871421647373,0.26776840579986527,0.0,95.57534452264919,0.6015456140350878,0.15464309995153164,0.054865608323440965,0.18439870764872932,0.019782426165600872,96.59057997877358,-96.3228115729737,-0.32149254443816133,0.0008937192,0.32238626363816136,-359.7243344868962,288.57946758951704,360.7243344868963,0.46859471014976417,0.0,2.18071955,2.5780526315789474,0.6627561426494212,0.6207514061269073,0.0,6.042279730355276,-5.573685020205512,-0.0186030510299754,0.0015640086,0.0201670596299754,-11.894468502267443,liquid_distillation,0.5,13.778000000000002,0.0,99.0,71219.83830551087,56952.95138888889,5125.765625,51.25765625,56952.95138888889,19.062751248750004,28191710.9375,-5485868.405156676,-317.4378120127427
2030 mid-transition,caustic_soda,Caustic soda,liquid,realistic,1.0,0.9,2.0,1.0,1.0,0.3,3.0,299.6113385500337,14.099357108236878,10.785199237187127,10.569495252443385,0.98,-0.5479999999999999,0.03666666666666667,0.2,0.4,1.1846666666666668,10.013550877192985,2.2091871421647373,5.284747626221693,0.0,98.33066813555696,0.700948561403509,0.15464309995153164,2.669696317845054,1.1214431553023911,0.0,102.97739927005944,-97.69265164383775,-0.32606460128184883,0.017638677000000002,0.34370327828184877,-18.48577426083877,9.742887130419383,19.485774260838767,11.626444777687725,0.0,2.13071955,3.0040652631578957,0.6627561426494212,33.36923784116576,0.0,39.16677879697308,-27.540334019285353,-0.09192019952437898,0.038805089400000006,0.13072528892437899,-2.3687665959707584,liquid_evaporation,0.31333333333333335,25.06666666666667,0.0,31.333333333333336,433132.10384101403,56952.95138888889,5125.765625,51.25765625,56952.95138888889,601.9639493175,29046005.208333336,-5563884.840123148,-1568.5033046341216
2030 mid-transition,copper,Copper,solid,realistic,1.0,0.9,2.0,1.0,1.0,0.3,,299.6113385500337,14.099357108236878,8.567595953775198,8.310568075161942,0.97,0.56,0.03666666666666667,0.2,0.25,-0.07333333333333336,-0.5299800000000002,2.2091871421647373,74.79511267645748,0.0,102.24920504372358,-0.037098600000000016,0.15464309995153164,2.5916977760169972,0.5760682560734881,0.0,105.5345155757656,-30.739402899308118,-0.10259759543170555,0.249640461,0.3522380564317055,-0.4109814371465431,12.698832934318887,1.410981437146543,27.424874648034407,0.0,2.18071955,-0.15899400000000005,0.6627561426494212,1.9277090895994193,0.0,4.612190782248841,22.812683865785566,0.07614092302443339,0.0915348357,0.015393912675566605,0.8318245446354517,solid_metal,0.75,0.0,0.25,0.0,222493.36003290678,56952.95138888889,5125.765625,51.25765625,56952.95138888889,473.31137959875,31608888.020833336,-1750699.7190477655,1299.2496752581753
2030 mid-transition,nickel,Nickel,solid,realistic,1.0,0.6,2.0,1.0,1.0,0.3,,299.6113385500337,14.099357108236878,5.275526488055138,5.117260693413484,0.97,-0.03999999999999998,0.03666666666666667,0.2,0.5,0.7766666666666666,6.564877192982456,2.2091871421647373,81.87617109461574,0.0,102.24920504372358,0.45954140350877193,0.15464309995153164,3.178504709053221,0.4306436451289028,0.0,106.47253790136598,-24.59636680675024,-0.08209424558424301,0.273274608,0.355368853584243,-0.3004093434990601,20.806549495984964,1.3004093434990602,61.4071283209618,0.0,2.18071955,1.9694631578947366,0.6627561426494212,1.186993459812406,0.0,5.999932310356564,55.40719601060524,0.18493023754957957,0.204955956,0.020025718450420404,0.9022925762136895,solid_metal,0.75,0.0,0.55,0.0,166326.38679768756,56952.95138888889,5125.765625,51.25765625,56952.95138888889,291.44309951625,31608888.020833336,-1400835.6830881266,3155.6033409866386
2030 mid-transition,zinc,Zinc,solid,realistic,1.0,0.7,2.0,1.0,1.0,0.3,,299.6113385500337,14.099357108236878,6.85600626004042,6.650326072239207,0.97,-0.5399999999999999,0.03666666666666667,0.2,0.35,1.1266666666666665,9.523298245614033,2.2091871421647373,18.62091300226978,0.0,102.24920504372358,0.6666308771929823,0.15464309995153164,2.416742206664248,0.5039660505376492,0.0,105.99118727807,-87.37027427580023,-0.2916120421163894,0.062150227999999995,0.3537622701163894,-4.692051043101394,15.9377429206839,5.692051043101394,23.276141252837224,0.0,2.18071955,2.8569894736842096,0.6627561426494212,1.5426014085090944,0.0,7.243066574842725,16.0330746779945,0.05351291027764976,0.07768778499999998,0.024174874722350227,0.6888201314743337,solid_metal,0.75,0.0,0.3,0.0,194645.5107436629,56952.95138888889,5125.765625,51.25765625,56952.95138888889,378.7556975124999,31608888.020833336,-4975994.983663539,913.1309227502461
2030 mid-transition,lead,Lead,solid,realistic,1.0,0.8,2.0,1.0,1.0,0.3,,299.6113385500337,14.099357108236878,24.83178773902679,24.086834106855985,0.97,0.09000000000000002,0.03666666666666667,0.2,0.3,0.4466666666666666,3.775508771929824,2.2091871421647373,50.58235162439757,0.0,102.24920504372358,0.2642856140350877,0.15464309995153164,5.835470118671296,1.0908457663631543,0.0,109.59444964274465,-59.01209801834708,-0.19696216539712946,0.16882656,0.3657887253971294,-1.1666539044397368,4.549973199323447,2.1666539044397366,40.94761798165517,0.0,2.18071955,1.1326526315789471,0.6627561426494212,3.724768160854018,0.0,7.700896485082387,33.24672149657278,0.11096616589168483,0.13666911999999998,0.02570295410831514,0.8119329801178558,solid_metal,0.5,0.0,0.2,0.0,421314.55305332394,56952.95138888889,5125.765625,51.25765625,56952.95138888889,1371.816292,31608888.020833336,-3360913.1497952677,1893.4989132342369
2050 deep decarbonization,hydrogen,Hydrogen,gas,realistic,1.0,0.8,2.0,1.0,1.0,0.1,,299.6113385500337,14.099357108236878,0.24160658340674715,0.21744592506607244,0.9,-0.13399999999999995,0.03666666666666667,0.2,0.35,0.7206666666666666,6.091529824561404,2.2091871421647373,0.4348918501321449,0.0,98.33066813555696,0.4264070877192983,0.15464309995153164,0.033824921676944605,0.20839607145489222,0.0,99.15393931635961,-98.71904746622747,-0.32949035888954464,0.00145152,0.3309418788895447,-226.9967750286215,455.993550057243,227.9967750286215,2.3919051757267966,0.0,2.13071955,0.6091529824561404,0.22091871421647374,0.04832131668134943,0.0,3.0091125633539635,-0.6172073876271669,-0.002060026802103473,0.007983359999999998,0.010043386802103472,-0.2580400736160555,gas,2.0,0.0,0.0,0.0,80488.27837120359,56952.95138888889,5125.765625,51.25765625,56952.95138888889,12.3841872,29046005.208333336,-5622341.111501467,-35.15178234439313
2050 deep decarbonization,methane,Methane,gas,realistic,1.0,0.8,2.0,1.0,1.0,0.1,,299.6113385500337,14.099357108236878,0.480666470435819,0.4662464763227444,0.97,0.040000000000000036,0.03666666666666667,0.2,0.5,0.6966666666666667,5.888666666666667,2.2091871421647373,0.1165616190806861,0.0,95.57534452264919,0.4122066666666668,0.15464309995153164,0.018842125641084107,0.12135905719642287,0.03956846384627662,96.32196393595117,-96.20540231687049,-0.3211006725661841,0.00038904274999999996,0.3214897153161841,-825.3608955987077,206.59022389967691,826.3608955987077,0.37299718105819557,0.0,2.18071955,0.5888666666666668,0.22091871421647374,0.02691732234440587,0.0,3.0174222532275463,-2.6444250721693505,-0.008826184899967476,0.0012449368,0.010071121699967477,-7.089665033572367,gas,0.56,0.0,0.0,0.0,46872.196343714684,56952.95138888889,5125.765625,51.25765625,56952.95138888889,26.554112901249997,28191710.9375,-5479181.601501224,-150.60781258682002
2050 deep decarbonization,carbon_monoxide,Carbon monoxide,gas,realistic,1.0,0.7,2.0,1.0,1.0,0.1,,299.6113385500337,14.099357108236878,2.9372397574752553,2.64351578172773,0.9,-0.24,0.03666666666666667,0.2,0.65,1.1266666666666667,9.523298245614034,2.2091871421647373,1.586109469036638,0.0,203.59250938665548,0.6666308771929825,0.15464309995153164,0.16448542641861433,1.7962311788817449,0.1384321097698088,206.51293207887016,-204.92682260983352,-0.6839755250971976,0.005293890000000001,0.6892694150971976,-129.2009326029059,78.12055956174355,130.2009326029059,4.229625250764368,0.0,6.48071955,0.9523298245614035,0.22091871421647374,0.23497918059802048,0.0,7.8889472693758975,-3.6593220186115296,-0.012213563199312766,0.01411704,0.02633060319931277,-0.8651645953622548,gas,0.8,0.0,0.0,0.0,693753.7456226125,56952.95138888889,5125.765625,51.25765625,56952.95138888889,150.55602581250002,50403361.97916667,-11671187.366377305,-208.4091890422732
2050 deep decarbonization,hydrogen_peroxide,Hydrogen peroxide,liquid,realistic,1.0,0.7,2.0,1.0,1.0,0.1,1.0,299.6113385500337,14.099357108236878,3.5669478882727885,3.4599394516246047,0.97,0.561,0.03666666666666667,0.2,0.5,0.17566666666666664,1.4848456140350874,2.2091871421647373,4.151927341949525,0.0,144.07327972883678,0.10393919298245613,0.15464309995153164,2.7373777222573463,1.138415982212104,0.0,148.20765572624023,-144.05572838429072,-0.4808086672602148,0.013857710999999998,0.4946663782602148,-34.696110148365406,42.83533217803848,35.6961101483654,5.068115337490936,0.0,4.68071955,0.14848456140350874,0.22091871421647374,33.522198533193055,0.0,38.572321358813035,-33.5042060213221,-0.11182556102003814,0.016915632639332122,0.12874119365937026,-6.610782073856466,liquid_evaporation,0.9714285714285714,77.71428571428572,0.0,97.14285714285714,439687.4750988207,56952.95138888889,5125.765625,51.25765625,56952.95138888889,197.053763396875,37588947.916666664,-8204398.89596149,-1908.163416855676
2050 deep decarbonization,formic_acid,Formic acid,liquid,realistic,1.0,0.6,2.0,1.0,1.0,0.1,1.5,299.6113385500337,14.099357108236878,4.13688355702959,3.93003937917811,0.95,-0.14999999999999997,0.03666666666666667,0.2,0.75,1.1366666666666667,9.60782456140351,2.2091871421647373,2.554525596465772,0.0,203.59250938665548,0.6725477192982457,0.15464309995153164,2.6593266465771883,1.2514201395581788,0.11864582041560863,208.44909281245626,-205.8945672159905,-0.687205525039257,0.00852613125,0.695731656289257,-80.59992332856207,53.03995016356535,81.59992332856207,9.825098447945276,0.0,6.48071955,0.960782456140351,0.22091871421647374,27.90039383812359,0.0,35.56281455848042,-25.737716110535143,-0.08590367852929927,0.0327928125,0.11869649102929927,-2.6195886226379415,liquid_salt_acid,0.6333333333333334,54.66666666666667,0.1065,63.333333333333336,483332.77997465135,56952.95138888889,5125.765625,51.25765625,56952.95138888889,223.82734171874998,50403361.97916667,-11726303.277888622,-1465.8388945043303
2050 deep decarbonization,acetic_acid,Acetic acid,liquid,realistic,1.0,0.7,2.0,1.0,1.0,0.1,1.2,299.6113385500337,14.099357108236878,1.5743227589780795,1.4956066210291754,0.95,0.0,0.03666666666666667,0.2,0.55,0.7866666666666667,6.649403508771931,2.2091871421647373,0.8225836415660466,0.0,95.57534452264919,0.4654582456140352,0.15464309995153164,1.1659434352991658,0.8063619207002812,0.06923871493985594,98.23698993915406,-97.41440629758802,-0.32513591364407013,0.002745502375,0.3278814160190701,-118.4249252904289,65.6837089097359,119.4249252904289,2.3929705936466807,0.0,2.18071955,0.6649403508771932,0.22091871421647374,12.916775470487103,0.0,15.98335408558077,-13.59038349193409,-0.045360043974652715,0.007986916,0.05334695997465271,-5.679293982139378,liquid_salt_acid,0.8,67.0,0.0816,80.0,311439.0894614871,56952.95138888889,5125.765625,51.25765625,56952.95138888889,85.179211184375,28191710.9375,-5548037.946444002,-774.0124503724802
2050 deep decarbonization,methanol,Methanol,liquid,realistic,1.0,0.3,2.0,1.0,1.0,0.1,1.0,299.6113385500337,14.099357108236878,0.480007325491009,0.4656071057262787,0.97,-0.09999999999999998,0.03666666666666667,0.2,0.85,1.1866666666666665,10.030456140350877,2.2091871421647373,0.20952319757682544,0.0,203.59250938665548,0.7021319298245614,0.15464309995153164,0.0698420258735928,0.2247853612427052,0.019771501736974662,204.76368330528484,-204.55416010770801,-0.6827317053408125,0.0006993166500000001,0.6834310219908125,-976.2840700858651,439.77783153863936,977.2840700858652,0.372485684581023,0.0,6.48071955,1.0030456140350876,0.22091871421647374,0.7293393701458432,0.0,8.434023248397404,-8.061537563816382,-0.026906650472008565,0.0012432296000000002,0.02814988007200856,-21.64254331783008,liquid_distillation,0.5,12.278000000000002,0.0,99.0,86818.27158815032,56952.95138888889,5125.765625,51.25765625,56952.95138888889,26.517698858750002,50403361.97916667,-11649963.13700929,-459.12835699173615
2050 deep decarbonization,ethanol,Ethanol,liquid,realistic,1.0,0.3,2.0,1.0,1.0,0.1,1.0,299.6113385500337,14.099357108236878,0.3450623786080738,0.3347105072498316,0.97,-0.02999999999999997,0.03666666666666667,0.2,0.75,1.0166666666666666,8.593508771929825,2.2091871421647373,0.26776840579986527,0.0,95.57534452264919,0.6015456140350878,0.15464309995153164,0.054865608323440965,0.18439870764872932,0.019782426165600872,96.59057997877358,-96.3228115729737,-0.32149254443816133,0.0008937192,0.32238626363816136,-359.7243344868962,288.57946758951704,360.7243344868963,0.46859471014976417,0.0,2.18071955,0.8593508771929825,0.22091871421647374,0.5862451682661,0.0,3.847234309675556,-3.378639599525792,-0.011276741447358725,0.0015640086,0.012840750047358726,-7.210153094656082,liquid_distillation,0.5,13.778000000000002,0.0,99.0,71219.83830551087,56952.95138888889,5125.765625,51.25765625,56952.95138888889,19.062751248750004,28191710.9375,-5485868.405156676,-192.42349687236745
2050 deep decarbonization,caustic_soda,Caustic soda,liquid,realistic,1.0,0.9,2.0,1.0,1.0,0.1,3.0,299.6113385500337,14.099357108236878,10.785199237187127,10.569495252443385,0.98,-0.5479999999999999,0.03666666666666667,0.2,0.4,1.1846666666666668,10.013550877192985,2.2091871421647373,5.284747626221693,0.0,98.33066813555696,0.700948561403509,0.15464309995153164,2.669696317845054,1.1214431553023911,0.0,102.97739927005944,-97.69265164383775,-0.32606460128184883,0.017638677000000002,0.34370327828184877,-18.48577426083877,9.742887130419383,19.485774260838767,11.626444777687725,0.0,2.13071955,1.0013550877192985,0.22091871421647374,32.69336535563537,0.0,36.046358707571144,-24.41991392988342,-0.08150530633474477,0.038805089400000006,0.12031039573474478,-2.1003767184915896,liquid_evaporation,0.31333333333333335,25.06666666666667,0.0,31.333333333333336,433132.10384101403,56952.95138888889,5125.765625,51.25765625,56952.95138888889,601.9639493175,29046005.208333336,-5563884.840123148,-1390.7861709695012
2050 deep decarbonization,copper,Copper,solid,realistic,1.0,0.9,2.0,1.0,1.0,0.1,,299.6113385500337,14.099357108236878,8.567595953775198,8.310568075161942,0.97,0.56,0.03666666666666667,0.2,0.25,-0.07333333333333336,-0.5299800000000002,2.2091871421647373,74.79511267645748,0.0,102.24920504372358,-0.037098600000000016,0.15464309995153164,2.5916977760169972,0.5760682560734881,0.0,105.5345155757656,-30.739402899308118,-0.10259759543170555,0.249640461,0.3522380564317055,-0.4109814371465431,12.698832934318887,1.410981437146543,27.424874648034407,0.0,2.18071955,-0.052998000000000024,0.22091871421647374,0.64256969653314,0.0,2.9912099607496136,24.433664687284793,0.08155120165188437,0.0915348357,0.009983634048115624,0.8909307699984692,solid_metal,0.75,0.0,0.25,0.0,222493.36003290678,56952.95138888889,5125.765625,51.25765625,56952.95138888889,473.31137959875,31608888.020833336,-1750699.7190477655,1391.5693171873418
2050 deep decarbonization,nickel,Nickel,solid,realistic,1.0,0.6,2.0,1.0,1.0,0.1,,299.6113385500337,14.099357108236878,5.275526488055138,5.117260693413484,0.97,-0.03999999999999998,0.03666666666666667,0.2,0.5,0.7766666666666666,6.564877192982456,2.2091871421647373,81.87617109461574,0.0,102.24920504372358,0.45954140350877193,0.15464309995153164,3.178504709053221,0.4306436451289028,0.0,106.47253790136598,-24.59636680675024,-0.08209424558424301,0.273274608,0.355368853584243,-0.3004093434990601,20.806549495984964,1.3004093434990602,61.4071283209618,0.0,2.18071955,0.6564877192982457,0.22091871421647374,0.3956644866041354,0.0,3.4537904701188546,57.95333785084295,0.19342838669359977,0.204955956,0.011527569306400224,0.943755870620319,solid_metal,0.75,0.0,0.55,0.0,166326.38679768756,56952.95138888889,5125.765625,51.25765625,56952.95138888889,291.44309951625,31608888.020833336,-1400835.6830881266,3300.6136334429134
2050 deep decarbonization,zinc,Zinc,solid,realistic,1.0,0.7,2.0,1.0,1.0,0.1,,299.6113385500337,14.099357108236878,6.85600626004042,6.650326072239207,0.97,-0.5399999999999999,0.03666666666666667,0.2,0.35,1.1266666666666665,9.523298245614033,2.2091871421647373,18.62091300226978,0.0,102.24920504372358,0.6666308771929823,0.15464309995153164,2.416742206664248,0.5039660505376492,0.0,105.99118727807,-87.37027427580023,-0.2916120421163894,0.062150227999999995,0.3537622701163894,-4.692051043101394,15.9377429206839,5.692051043101394,23.276141252837224,0.0,2.18071955,0.9523298245614034,0.22091871421647374,0.5142004695030316,0.0,3.8681685582809084,19.407972694556314,0.06477716360295648,0.07768778499999998,0.0129106213970435,0.8338140108249513,solid_metal,0.75,0.0,0.3,0.0,194645.5107436629,56952.95138888889,5125.765625,51.25765625,56952.95138888889,378.7556975124999,31608888.020833336,-4975994.983663539,1105.3413254299487
2050 deep decarbonization,lead,Lead,solid,realistic,1.0,0.8,2.0,1.0,1.0,0.1,,299.6113385500337,14.099357108236878,24.83178773902679,24.086834106855985,0.97,0.09000000000000002,0.03666666666666667,0.2,0.3,0.4466666666666666,3.775508771929824,2.2091871421647373,50.58235162439757,0.0,102.24920504372358,0.2642856140350877,0.15464309995153164,5.835470118671296,1.0908457663631543,0.0,109.59444964274465,-59.01209801834708,-0.19696216539712946,0.16882656,0.3657887253971294,-1.1666539044397368,4.549973199323447,2.1666539044397366,40.94761798165517,0.0,2.18071955,0.3775508771929824,0.22091871421647374,1.2415893869513397,0.0,4.020778528360796,36.92683945329438,0.12324913880763484,0.13666911999999998,0.013419981192365139,0.9018067783536974,solid_metal,0.5,0.0,0.2,0.0,421314.55305332394,56952.95138888889,5125.765625,51.25765625,56952.95138888889,1371.816292,31608888.020833336,-3360913.1497952677,2103.0924923287794
